Year,Alianzas y Capital de Riesgo
1993-01,9.090909090909136
1999-01,14.54545454545455
2000-01,0.0
2002-01,27.27272727272724
2004-01,54.54545454545456
2006-01,23.636363636363605
2008-01,30.90909090909088
2010-01,54.54545454545456
2012-01,30.90909090909088
2014-01,45.45454545454543
2017-01,50.90909090909093
2022-01,100.0
