Year,Benchmarking
1993-01,0.0
1999-01,67.85714285714289
2000-01,24.99999999999996
2002-01,92.85714285714285
2004-01,100.0
2006-01,35.71428571428561
2008-01,42.85714285714277
2010-01,57.142857142857075
2012-01,57.142857142857075
2014-01,35.71428571428561
2017-01,85.7142857142857
