Year,Calidad Total
1993-01,2.000000000000046
1999-01,30.00000000000007
2000-01,4.0000000000000036
2002-01,0.0
2004-01,26.000000000000068
2006-01,0.0
2008-01,0.0
2010-01,38.00000000000008
2012-01,26.000000000000068
2014-01,34.00000000000007
2017-01,58.00000000000001
2022-01,100.0
