Year,Cuadro de Mando Integral
2000-01,50.00000000000004
2002-01,56.00000000000001
2004-01,52.0
2006-01,0.0
2008-01,46.000000000000036
2010-01,60.00000000000002
2012-01,60.00000000000002
2014-01,60.00000000000002
2017-01,66.00000000000007
2022-01,100.0
