Year,Competencias Centrales
1993-01,0.0
1999-01,45.00000000000005
2000-01,0.0
2002-01,100.0
2004-01,90.0000000000001
2006-01,62.500000000000014
2008-01,52.5
2010-01,67.50000000000001
2012-01,65.00000000000007
2014-01,42.49999999999999
2017-01,77.50000000000003
