Year,Experiencia del Cliente
1993-01,100.0
1999-01,13.761467889908245
2000-01,3.6697247706422043
2002-01,0.0
2004-01,9.17431192660551
2006-01,5.504587155963306
2008-01,1.8348623853211021
2010-01,10.09174311926604
2012-01,12.844036697247715
2014-01,11.009174311926612
2017-01,18.34862385321098
2022-01,44.95412844036694
