Year,Estrategias de Crecimiento
1999-01,47.05882352941156
2000-01,0.0
2002-01,47.05882352941156
2004-01,100.0
2006-01,5.8823529411763475
2008-01,76.47058823529409
