Year,Fusiones y Adquisiciones
2006-01,83.33333333333334
2008-01,41.66666666666685
2010-01,75.00000000000018
2012-01,0.0
2014-01,75.00000000000018
2017-01,100.0
