Year,Gestión de la Cadena de Suministro
1999-01,37.14285714285715
2000-01,0.0
2002-01,14.28571428571425
2004-01,68.57142857142871
2006-01,5.714285714285725
2008-01,17.142857142857178
2010-01,37.14285714285715
2012-01,31.428571428571423
2014-01,28.571428571428626
2017-01,85.71428571428575
2022-01,100.0
