Year,Gestión de Costos
1993-01,0.0
1999-01,81.25000000000009
2000-01,6.249999999999878
2002-01,100.0
2004-01,87.50000000000024
