Year,Gestión del Cambio
2002-01,35.483870967741886
2004-01,19.354838709677434
2010-01,35.483870967741886
2012-01,54.83870967741932
2014-01,0.0
2017-01,67.74193548387095
2022-01,100.0
