Year,Gestión del Conocimiento
1999-01,38.888888888888914
2000-01,0.0
2002-01,75.92592592592592
2004-01,94.44444444444447
2006-01,68.5185185185185
2008-01,81.48148148148154
2010-01,100.0
