Year,Innovación Colaborativa
2004-01,0.0
2006-01,4.0000000000000036
2008-01,1.9999999999999574
2010-01,21.999999999999975
2012-01,46.0
2022-01,100.0
