Year,Lealtad del Cliente
2004-01,24.24242424242426
2006-01,0.0
2008-01,60.60606060606065
2010-01,100.0
2012-01,81.8181818181818
2014-01,81.8181818181818
