Year,Outsourcing
1999-01,64.28571428571429
2000-01,57.14285714285714
2002-01,82.14285714285707
2004-01,100.0
2006-01,25.000000000000078
2008-01,64.28571428571429
2010-01,32.142857142857224
2012-01,14.285714285714285
2014-01,0.0
