Year,Optimización de Precios
2004-01,38.70967741935492
2008-01,0.0
2010-01,35.48387096774194
2012-01,9.67741935483866
2014-01,38.70967741935492
2017-01,100.0
