Year,Propósito y Visión
1993-01,100.0
1999-01,21.551724137931032
2000-01,21.551724137931032
2002-01,0.0
2004-01,11.206896551724126
2006-01,3.44827586206893
2008-01,14.655172413793096
2010-01,21.551724137931032
2012-01,13.793103448275835
2014-01,6.896551724137898
2017-01,22.413793103448253
2022-01,39.655172413793096
