Year,Presupuesto Base Cero
2012-01,15.789473684210448
2014-01,0.0
2017-01,26.315789473684152
2022-01,100.0
