Year,Planificación de Escenarios
1993-01,0.0
1999-01,41.17647058823527
2000-01,1.9607843137255345
2004-01,41.17647058823527
2006-01,17.647058823529377
2008-01,27.450980392156875
2010-01,25.49019607843134
2012-01,17.647058823529377
2014-01,21.568627450980358
2017-01,58.82352941176473
2022-01,100.0
