Year,Segmentación de Clientes
1999-01,40.00000000000009
2000-01,0.0
2002-01,75.00000000000006
2004-01,55.000000000000234
2006-01,35.000000000000185
2008-01,45.00000000000021
2010-01,55.000000000000234
2012-01,10.000000000000023
2014-01,50.000000000000114
2017-01,100.0
