Year,Talento y Compromiso
2002-01,66.6666666666666
2012-01,2.222222222222174
2014-01,0.0
2017-01,26.66666666666668
2022-01,100.0
