Year,Estrategias de Crecimiento
1999-01,44.73684210526316
1996-01,44.73684210526316
2000-01,69.73684210526315
2002-01,100.0
2004-01,63.1578947368421
2006-01,71.05263157894737
2008-01,0.0
