Year,Fusiones y Adquisiciones
2006-01,100.0
2008-01,84.61538461538461
2010-01,42.30769230769231
2012-01,73.07692307692307
2014-01,15.384615384615385
2017-01,0.0
