Year,Gestión del Cambio
2002-01,100.0
2004-01,86.48648648648648
2010-01,51.35135135135135
2012-01,24.324324324324326
2014-01,18.91891891891892
2017-01,18.91891891891892
2022-01,0.0
