Year,Gestión del Conocimiento
1999-01,3.7037037037037033
2000-01,0.0
2002-01,82.71604938271605
2004-01,62.96296296296296
2006-01,100.0
2008-01,30.864197530864196
2010-01,23.456790123456788
