Year,Gestión de Costos
1993-01,73.33333333333333
1999-01,0.0
2000-01,5.999999999999991
2002-01,86.66666666666667
2004-01,100.0
