Year,Innovación Colaborativa
2004-01,27.027027027027028
2006-01,100.0
2008-01,21.62162162162162
2010-01,13.513513513513514
2012-01,10.81081081081081
2022-01,0.0
