Year,Lealtad del Cliente
2004-01,67.64705882352942
2006-01,100.0
2008-01,0.0
2010-01,44.11764705882353
2012-01,76.47058823529412
2014-01,20.588235294117645
