Year,Optimización de Precios
2004-01,100.0
2008-01,36.84210526315789
2010-01,21.052631578947366
2012-01,63.1578947368421
2014-01,0.0
2017-01,15.789473684210526
