Year,Propósito y Visión
1993-01,100.0
1996-01,84.0
1999-01,80.0
2000-01,88.0
2002-01,86.66666666666667
2004-01,70.66666666666667
2006-01,80.0
2008-01,61.33333333333333
2010-01,58.666666666666664
2012-01,0.0
2014-01,25.333333333333336
2017-01,17.333333333333336
2022-01,12.0
