Year,Planificación Estratégica
1996-01,90.32258064516128
1999-01,87.09677419354838
2000-01,99.6774193548387
2002-01,100.0
2004-01,83.87096774193549
2006-01,98.38709677419355
2008-01,64.51612903225806
2010-01,61.29032258064516
2012-01,25.806451612903224
2014-01,27.419354838709676
2017-01,33.87096774193548
2022-01,0.0
