Year,Reingeniería de Procesos
1993-01,96.0
1996-01,92.0
2000-01,51.800000000000004
2002-01,70.0
2004-01,84.0
2006-01,100.0
2008-01,62.0
2010-01,38.0
2012-01,18.0
2014-01,14.000000000000002
2017-01,18.0
2022-01,0.0
