Year,Talento y Compromiso
2002-01,100.0
2012-01,14.893617021276595
2014-01,27.659574468085108
2017-01,0.0
2022-01,14.893617021276595
